{"Last Values": 0.12592879384606206, "_timestamp": 1699426969.225953, "_runtime": 3.879808187484741, "_step": 4, "_wandb": {"runtime": 3}}