{"Last Values": 0.12592879384606206, "_timestamp": 1699426533.407419, "_runtime": 3.615151882171631, "_step": 4, "_wandb": {"runtime": 3}}